item_name,item_category,equipment_level,previous_day_price,star,number,today_price,updated_at,official_url,listing_status
幽紋刀,片手剣,Lv135,84000,2,479,799999,2026-09-30 10:16:44,https://hiroba.dqx.jp/sc/search/bazaar/7a02c1e3ef8ea81a3471855256af80bf21d71cac/,
幽紋刀,片手剣,Lv135,3146000,3,479,3766700,2026-09-30 10:17:31,https://hiroba.dqx.jp/sc/search/bazaar/7a02c1e3ef8ea81a3471855256af80bf21d71cac/,
メタリオンブレード,両手剣,Lv135,,2,167,490000,2026-09-30 10:17:34,https://hiroba.dqx.jp/sc/search/bazaar/cd6aaf71a18e5149cf5f074ddda9cbf44eaec59c/,
メタリオンブレード,両手剣,Lv135,2600000,3,167,3500000,2026-09-30 10:17:48,https://hiroba.dqx.jp/sc/search/bazaar/cd6aaf71a18e5149cf5f074ddda9cbf44eaec59c/,
スパイラルダガー,短剣,Lv135,90000,2,112,300000,2026-09-30 10:17:51,https://hiroba.dqx.jp/sc/search/bazaar/2ad5ae95572c10a3699f6a8f8e60b5e68de42549/,
スパイラルダガー,短剣,Lv135,2700000,3,112,3338800,2026-09-30 10:18:08,https://hiroba.dqx.jp/sc/search/bazaar/2ad5ae95572c10a3699f6a8f8e60b5e68de42549/,
メタリオンタクト,スティック,Lv135,499960,2,57,499000,2026-09-30 10:18:11,https://hiroba.dqx.jp/sc/search/bazaar/4afe4195384a02b647929aa558979a8054802218/,
メタリオンタクト,スティック,Lv135,2399681,3,57,2398975,2026-09-30 10:18:11,https://hiroba.dqx.jp/sc/search/bazaar/4afe4195384a02b647929aa558979a8054802218/,
幽紋の杖,両手杖,Lv135,259989,2,120,259986,2026-09-30 10:18:14,https://hiroba.dqx.jp/sc/search/bazaar/ab4cfb07b9cef030e58891c0f1f5b6e7415620a4/,
幽紋の杖,両手杖,Lv135,2233590,3,120,2698498,2026-09-30 10:18:24,https://hiroba.dqx.jp/sc/search/bazaar/ab4cfb07b9cef030e58891c0f1f5b6e7415620a4/,
メタリオンスピア,槍,Lv135,488470,2,63,390000,2026-09-30 10:18:28,https://hiroba.dqx.jp/sc/search/bazaar/0152d69f8a84dd870784ecba885cb58590ba67eb/,
メタリオンスピア,槍,Lv135,2900000,3,63,3288700,2026-09-30 10:18:35,https://hiroba.dqx.jp/sc/search/bazaar/0152d69f8a84dd870784ecba885cb58590ba67eb/,
閃帝のオノ,斧,Lv135,450000,2,85,449900,2026-09-30 10:18:38,https://hiroba.dqx.jp/sc/search/bazaar/3546e1a4c06f9f0686d48c107b7b043f94e13690/,
閃帝のオノ,斧,Lv135,3170000,3,85,3430000,2026-09-30 10:18:48,https://hiroba.dqx.jp/sc/search/bazaar/3546e1a4c06f9f0686d48c107b7b043f94e13690/,
メタリオンロッド,棍,Lv135,,2,57,690000,2026-09-30 10:18:51,https://hiroba.dqx.jp/sc/search/bazaar/790dfc3641646ff550771ec560ef9b06863ce936/,
メタリオンロッド,棍,Lv135,1850000,3,57,2149999,2026-09-30 10:18:51,https://hiroba.dqx.jp/sc/search/bazaar/790dfc3641646ff550771ec560ef9b06863ce936/,
鋼神のツメ,爪,Lv135,70000,2,501,89900,2026-09-30 10:18:55,https://hiroba.dqx.jp/sc/search/bazaar/66493f42ab5b81e4aaf7b2cd377c80b36361ebee/,
鋼神のツメ,爪,Lv135,2749000,3,501,3556000,2026-09-30 10:20:25,https://hiroba.dqx.jp/sc/search/bazaar/66493f42ab5b81e4aaf7b2cd377c80b36361ebee/,
メタリオンウィップ,ムチ,Lv135,,2,,,2026-09-30 10:20:28,https://hiroba.dqx.jp/sc/search/bazaar/0312936211ed2441e3ea01404d99ea506fc889a0/,出品なし
メタリオンウィップ,ムチ,Lv135,3999999,3,,4500000,2026-09-30 10:20:28,https://hiroba.dqx.jp/sc/search/bazaar/0312936211ed2441e3ea01404d99ea506fc889a0/,
メタリオンファン,扇,Lv135,849290,2,187,350000,2026-09-30 10:20:32,https://hiroba.dqx.jp/sc/search/bazaar/75c896a33728dd4ebccd76f307b6325a2ea890d2/,
メタリオンファン,扇,Lv135,1997691,3,187,2553995,2026-09-30 10:20:38,https://hiroba.dqx.jp/sc/search/bazaar/75c896a33728dd4ebccd76f307b6325a2ea890d2/,
コンプレシオン,ハンマー,Lv135,,2,61,397000,2026-09-30 10:20:42,https://hiroba.dqx.jp/sc/search/bazaar/4e824c95c61c7fca48160080568221422f06228b/,
コンプレシオン,ハンマー,Lv135,2420000,3,61,3800000,2026-09-30 10:20:49,https://hiroba.dqx.jp/sc/search/bazaar/4e824c95c61c7fca48160080568221422f06228b/,
レーザーエッジ,ブーメラン,Lv135,,2,349,368990,2026-09-30 10:20:52,https://hiroba.dqx.jp/sc/search/bazaar/755d9e2660634fb33b9ba43b424772b98db67690/,
レーザーエッジ,ブーメラン,Lv135,2619000,3,349,3476000,2026-09-30 10:21:25,https://hiroba.dqx.jp/sc/search/bazaar/755d9e2660634fb33b9ba43b424772b98db67690/,
グリームシューター,弓,Lv135,700000,2,72,536000,2026-09-30 10:21:29,https://hiroba.dqx.jp/sc/search/bazaar/5e742868fdba642951280a4791533a0b0cdc4395/,
グリームシューター,弓,Lv135,2699994,3,72,2779230,2026-09-30 10:21:39,https://hiroba.dqx.jp/sc/search/bazaar/5e742868fdba642951280a4791533a0b0cdc4395/,
メタリオンサイズ,鎌,Lv135,864000,2,35,,2026-09-30 10:21:45,https://hiroba.dqx.jp/sc/search/bazaar/160c26b55d8141469f047148b055cb4ea77fbee1/,出品なし
メタリオンサイズ,鎌,Lv135,2740000,3,35,3990000,2026-09-30 10:21:45,https://hiroba.dqx.jp/sc/search/bazaar/160c26b55d8141469f047148b055cb4ea77fbee1/,
メタリオンシールド,大盾,Lv135,697999,2,83,697999,2026-09-30 10:21:49,https://hiroba.dqx.jp/sc/search/bazaar/c411526009a2c55dd417af331f2166941c3ee844/,
メタリオンシールド,大盾,Lv135,2700000,3,83,2499788,2026-09-30 10:21:52,https://hiroba.dqx.jp/sc/search/bazaar/c411526009a2c55dd417af331f2166941c3ee844/,
メタリオンガード,小盾,Lv135,450000,2,93,400000,2026-09-30 10:21:56,https://hiroba.dqx.jp/sc/search/bazaar/df708f3e6fa67796a8b921138cbeac65b9a0d6d6/,
メタリオンガード,小盾,Lv135,2998190,3,93,2995990,2026-09-30 10:22:02,https://hiroba.dqx.jp/sc/search/bazaar/df708f3e6fa67796a8b921138cbeac65b9a0d6d6/,
守護竜のつるぎ,片手剣,Lv132,250000,2,216,250000,2026-09-30 10:00:08,https://hiroba.dqx.jp/sc/search/bazaar/dad9c4c29a9a4c6384b31511e3e937df247c8846/,
守護竜のつるぎ,片手剣,Lv132,2429000,3,216,2930000,2026-09-30 10:00:31,https://hiroba.dqx.jp/sc/search/bazaar/dad9c4c29a9a4c6384b31511e3e937df247c8846/,
ネビュラスブレード,両手剣,Lv132,,2,,999999,2026-09-30 10:00:34,https://hiroba.dqx.jp/sc/search/bazaar/c133e6c970c8b45ef393dcbc8ab6ac1c9d0d6b0e/,
ネビュラスブレード,両手剣,Lv132,3999998,3,,3999998,2026-09-30 10:00:34,https://hiroba.dqx.jp/sc/search/bazaar/c133e6c970c8b45ef393dcbc8ab6ac1c9d0d6b0e/,
影星の短刀,短剣,Lv132,640000,2,,,2026-09-30 10:00:38,https://hiroba.dqx.jp/sc/search/bazaar/b45141833e6d24cb746129e8b26ad2fe323290bf/,出品なし
影星の短刀,短剣,Lv132,3770000,3,,3759999,2026-09-30 10:00:38,https://hiroba.dqx.jp/sc/search/bazaar/b45141833e6d24cb746129e8b26ad2fe323290bf/,
ミカヅチのやり,槍,Lv132,499960,2,24,499960,2026-09-30 10:00:41,https://hiroba.dqx.jp/sc/search/bazaar/95f3b9843f9ee39a08b4ad38fe59ab7af570b981/,
ミカヅチのやり,槍,Lv132,3299900,3,24,3999999,2026-09-30 10:00:44,https://hiroba.dqx.jp/sc/search/bazaar/95f3b9843f9ee39a08b4ad38fe59ab7af570b981/,
セレーネアックス,斧,Lv132,879980,2,50,,2026-09-30 10:00:48,https://hiroba.dqx.jp/sc/search/bazaar/5a79b6a016a582b0dc14c83145882881b81dd190/,出品なし
セレーネアックス,斧,Lv132,2791900,3,50,2785900,2026-09-30 10:00:48,https://hiroba.dqx.jp/sc/search/bazaar/5a79b6a016a582b0dc14c83145882881b81dd190/,
セイントロッド,棍,Lv132,,2,30,,2026-09-30 10:00:54,https://hiroba.dqx.jp/sc/search/bazaar/3de9477b2227ed98711781255ef5015dc84ade99/,出品なし
セイントロッド,棍,Lv132,3400000,3,30,3400000,2026-09-30 10:00:54,https://hiroba.dqx.jp/sc/search/bazaar/3de9477b2227ed98711781255ef5015dc84ade99/,
呪星のツメ,爪,Lv132,549999,2,30,420000,2026-09-30 10:00:58,https://hiroba.dqx.jp/sc/search/bazaar/c5fb7eeaec3d931595cbe00582e6eef1227c36f9/,
呪星のツメ,爪,Lv132,3999998,3,30,,2026-09-30 10:01:05,https://hiroba.dqx.jp/sc/search/bazaar/c5fb7eeaec3d931595cbe00582e6eef1227c36f9/,出品なし
ミスティカルソーン,ムチ,Lv132,,2,18,,2026-09-30 10:01:08,https://hiroba.dqx.jp/sc/search/bazaar/f9679173a1a319d400cdde6f7afa79117d542052/,出品なし
ミスティカルソーン,ムチ,Lv132,3999998,3,18,3999998,2026-09-30 10:01:08,https://hiroba.dqx.jp/sc/search/bazaar/f9679173a1a319d400cdde6f7afa79117d542052/,
名軍師の羽扇,扇,Lv132,,2,39,,2026-09-30 10:01:11,https://hiroba.dqx.jp/sc/search/bazaar/ab9e15c9be49b06ba5392c998f9a93dee9620b0c/,出品なし
名軍師の羽扇,扇,Lv132,2499490,3,39,2499600,2026-09-30 10:01:11,https://hiroba.dqx.jp/sc/search/bazaar/ab9e15c9be49b06ba5392c998f9a93dee9620b0c/,
ポラリスハンマー,ハンマー,Lv132,879500,2,50,878900,2026-09-30 10:01:15,https://hiroba.dqx.jp/sc/search/bazaar/6eae674a06af084a30a6d4ae77dab4fc1b8b6db4/,
ポラリスハンマー,ハンマー,Lv132,2997400,3,50,2997400,2026-09-30 10:01:18,https://hiroba.dqx.jp/sc/search/bazaar/6eae674a06af084a30a6d4ae77dab4fc1b8b6db4/,
クリスターライト,ブーメラン,Lv132,427999,2,113,399000,2026-09-30 10:01:21,https://hiroba.dqx.jp/sc/search/bazaar/0531bf14398f01fd288bb54b1a6b1781fcf53f64/,
クリスターライト,ブーメラン,Lv132,2966900,3,113,2961990,2026-09-30 10:01:35,https://hiroba.dqx.jp/sc/search/bazaar/0531bf14398f01fd288bb54b1a6b1781fcf53f64/,
ニンフの妖弓,弓,Lv132,,2,30,,2026-09-30 10:01:38,https://hiroba.dqx.jp/sc/search/bazaar/6a4471ac8abc902f78cfbffb2edbf3026fbd613c/,出品なし
ニンフの妖弓,弓,Lv132,2892899,3,30,2892698,2026-09-30 10:01:38,https://hiroba.dqx.jp/sc/search/bazaar/6a4471ac8abc902f78cfbffb2edbf3026fbd613c/,
レイヴンサイズ,鎌,Lv132,298700,2,67,298700,2026-09-30 10:01:41,https://hiroba.dqx.jp/sc/search/bazaar/c584416612bffcb7f601b34532c73bc939041de4/,
レイヴンサイズ,鎌,Lv132,2257000,3,67,3000000,2026-09-30 10:01:48,https://hiroba.dqx.jp/sc/search/bazaar/c584416612bffcb7f601b34532c73bc939041de4/,
ピュアリィタクト,スティック,Lv132,388000,2,82,247900,2026-09-30 10:01:51,https://hiroba.dqx.jp/sc/search/bazaar/7ffefbb000aa9567aa0610f7b47b0b6f660f5244/,
ピュアリィタクト,スティック,Lv132,3299750,3,82,3299590,2026-09-30 10:02:05,https://hiroba.dqx.jp/sc/search/bazaar/7ffefbb000aa9567aa0610f7b47b0b6f660f5244/,
妖夢の杖,両手杖,Lv132,169839,2,186,90000,2026-09-30 10:02:08,https://hiroba.dqx.jp/sc/search/bazaar/3a9e4c60bf30a126d7b5401c6d6e7d87d7791ef6/,
妖夢の杖,両手杖,Lv132,2890293,3,186,2886476,2026-09-30 10:02:35,https://hiroba.dqx.jp/sc/search/bazaar/3a9e4c60bf30a126d7b5401c6d6e7d87d7791ef6/,
輝紋章の盾,小盾,Lv132,67800,2,600,68000,2026-09-30 10:02:45,https://hiroba.dqx.jp/sc/search/bazaar/f504f173b0f7a47dbcbd1e2b1de9f4a9590900d9/,
輝紋章の盾,小盾,Lv132,2079980,3,600,2120000,2026-09-30 10:03:59,https://hiroba.dqx.jp/sc/search/bazaar/f504f173b0f7a47dbcbd1e2b1de9f4a9590900d9/,
神樹の大盾,大盾,Lv132,299000,2,358,199888,2026-09-30 10:04:06,https://hiroba.dqx.jp/sc/search/bazaar/985f7383cc825d53f4f685f53c1971644e624a4d/,
神樹の大盾,大盾,Lv132,2869700,3,358,2753900,2026-09-30 10:04:42,https://hiroba.dqx.jp/sc/search/bazaar/985f7383cc825d53f4f685f53c1971644e624a4d/,
原始獣のコート上,からだ上,Lv60,36600,2,239,36800,2026-09-30 10:04:56,https://hiroba.dqx.jp/sc/search/bazaar/0273c44a672a1646fdcb41a4c440b8e7ecd792d7/,
原始獣のコート上,からだ上,Lv60,85000,3,239,84000,2026-09-30 10:05:13,https://hiroba.dqx.jp/sc/search/bazaar/0273c44a672a1646fdcb41a4c440b8e7ecd792d7/,
原始獣のシャプカ,あたま,Lv60,28999,2,209,28900,2026-09-30 10:05:16,https://hiroba.dqx.jp/sc/search/bazaar/9162fe2f0b2a958df0161362054adfa0ce2c0a93/,
原始獣のシャプカ,あたま,Lv60,78800,3,209,80000,2026-09-30 10:05:46,https://hiroba.dqx.jp/sc/search/bazaar/9162fe2f0b2a958df0161362054adfa0ce2c0a93/,
原始獣のコート下,からだ下,Lv60,38000,2,282,36700,2026-09-30 10:05:53,https://hiroba.dqx.jp/sc/search/bazaar/a4d8ff943300197ef4a3602c8abd4136af8f67ab/,
原始獣のコート下,からだ下,Lv60,85000,3,282,85400,2026-09-30 10:06:07,https://hiroba.dqx.jp/sc/search/bazaar/a4d8ff943300197ef4a3602c8abd4136af8f67ab/,
原始獣のグローブ,腕,Lv60,,2,115,39800,2026-09-30 10:06:13,https://hiroba.dqx.jp/sc/search/bazaar/d20badf1ce5d51f3e5e55d8b0cafe3d60952dc70/,
原始獣のグローブ,腕,Lv60,86990,3,115,88900,2026-09-30 10:06:20,https://hiroba.dqx.jp/sc/search/bazaar/d20badf1ce5d51f3e5e55d8b0cafe3d60952dc70/,
原始獣のブーツ,足,Lv60,37000,2,205,37000,2026-09-30 10:06:23,https://hiroba.dqx.jp/sc/search/bazaar/83ccd74858db780a6d56f9ac256b23d4692447a4/,
原始獣のブーツ,足,Lv60,80710,3,205,81000,2026-09-30 10:06:27,https://hiroba.dqx.jp/sc/search/bazaar/83ccd74858db780a6d56f9ac256b23d4692447a4/,
レオンソード,片手剣,Lv130,797000,2,115,796000,2026-09-30 10:06:30,https://hiroba.dqx.jp/sc/search/bazaar/565b58978e8aa11440ba2b1782f8bd7ce1f3c622/,
レオンソード,片手剣,Lv130,2640000,3,115,2579900,2026-09-30 10:06:37,https://hiroba.dqx.jp/sc/search/bazaar/565b58978e8aa11440ba2b1782f8bd7ce1f3c622/,
獅子の大剣,両手剣,Lv130,,2,21,,2026-09-30 10:06:40,https://hiroba.dqx.jp/sc/search/bazaar/0425708cb500887d9d3cace0f8db1675157811dd/,出品なし
獅子の大剣,両手剣,Lv130,3999998,3,21,3000000,2026-09-30 10:06:40,https://hiroba.dqx.jp/sc/search/bazaar/0425708cb500887d9d3cace0f8db1675157811dd/,
一刀星断,斧,Lv130,,2,21,,2026-09-30 10:06:44,https://hiroba.dqx.jp/sc/search/bazaar/7add16790243f671598bef13a017031ac674df8f/,出品なし
一刀星断,斧,Lv130,3488397,3,21,3449999,2026-09-30 10:06:44,https://hiroba.dqx.jp/sc/search/bazaar/7add16790243f671598bef13a017031ac674df8f/,
晴蒼の短剣,短剣,Lv130,,2,20,,2026-09-30 10:06:50,https://hiroba.dqx.jp/sc/search/bazaar/6ce5d09880d028311b2a34c4532088a54f12495e/,出品なし
晴蒼の短剣,短剣,Lv130,3999998,3,20,3999998,2026-09-30 10:06:50,https://hiroba.dqx.jp/sc/search/bazaar/6ce5d09880d028311b2a34c4532088a54f12495e/,
キャンサークロー,爪,Lv130,650000,2,97,600000,2026-09-30 10:06:54,https://hiroba.dqx.jp/sc/search/bazaar/1359d86cb2ff6fbf1db9a8b260c1ca666289a320/,
キャンサークロー,爪,Lv130,2259993,3,97,2259990,2026-09-30 10:07:07,https://hiroba.dqx.jp/sc/search/bazaar/1359d86cb2ff6fbf1db9a8b260c1ca666289a320/,
グリンガムのムチ,ムチ,Lv130,76000,2,203,81900,2026-09-30 10:07:11,https://hiroba.dqx.jp/sc/search/bazaar/6e1a75137947c01e7f7c4d3593ff0ff25cfee50d/,
グリンガムのムチ,ムチ,Lv130,2289990,3,203,2229990,2026-09-30 10:07:41,https://hiroba.dqx.jp/sc/search/bazaar/6e1a75137947c01e7f7c4d3593ff0ff25cfee50d/,
クロワランス,槍,Lv130,95000,2,156,93000,2026-09-30 10:07:44,https://hiroba.dqx.jp/sc/search/bazaar/ffca8fa4e0e102d993847254cb357dcaa7f7d9af/,
クロワランス,槍,Lv130,2697000,3,156,2680000,2026-09-30 10:08:11,https://hiroba.dqx.jp/sc/search/bazaar/ffca8fa4e0e102d993847254cb357dcaa7f7d9af/,
アメジストライク,ハンマー,Lv130,769000,2,33,700000,2026-09-30 10:08:15,https://hiroba.dqx.jp/sc/search/bazaar/4a078305220670614b2d24b5fdd30f188f58fb4a/,
アメジストライク,ハンマー,Lv130,2490000,3,33,2490000,2026-09-30 10:08:18,https://hiroba.dqx.jp/sc/search/bazaar/4a078305220670614b2d24b5fdd30f188f58fb4a/,
ピスケスエッジ,ブーメラン,Lv130,286990,2,86,287000,2026-09-30 10:08:21,https://hiroba.dqx.jp/sc/search/bazaar/cb937b1e76c523d018a932d858898b319d2016ed/,
ピスケスエッジ,ブーメラン,Lv130,3789000,3,86,3788000,2026-09-30 10:08:35,https://hiroba.dqx.jp/sc/search/bazaar/cb937b1e76c523d018a932d858898b319d2016ed/,
蛮災の鎌,鎌,Lv130,,2,25,,2026-09-30 10:08:38,https://hiroba.dqx.jp/sc/search/bazaar/17af1aa6888f2b6cc83671e07b4ab31a3672ce94/,出品なし
蛮災の鎌,鎌,Lv130,3040000,3,25,3999998,2026-09-30 10:08:38,https://hiroba.dqx.jp/sc/search/bazaar/17af1aa6888f2b6cc83671e07b4ab31a3672ce94/,
コスモスヘルム,あたま,Lv130,198000,2,222,195000,2026-09-30 10:08:41,https://hiroba.dqx.jp/sc/search/bazaar/375c044c004290476eb3e48ac1e44cbf4c2a657a/,
コスモスヘルム,あたま,Lv130,2229800,3,222,2089900,2026-09-30 10:09:05,https://hiroba.dqx.jp/sc/search/bazaar/375c044c004290476eb3e48ac1e44cbf4c2a657a/,
コスモスアーマー上,からだ上,Lv130,796000,2,127,780000,2026-09-30 10:09:08,https://hiroba.dqx.jp/sc/search/bazaar/8954517a85239d35e28c3b50a9c5f9888b46c924/,
コスモスアーマー上,からだ上,Lv130,2569800,3,127,2549800,2026-09-30 10:09:15,https://hiroba.dqx.jp/sc/search/bazaar/8954517a85239d35e28c3b50a9c5f9888b46c924/,
コスモスアーマー下,からだ下,Lv130,,2,114,429000,2026-09-30 10:09:18,https://hiroba.dqx.jp/sc/search/bazaar/b8f8f71fb8bf7a43866a43ab7ef946f6f9b39d4c/,
コスモスアーマー下,からだ下,Lv130,1897000,3,114,1910000,2026-09-30 10:09:22,https://hiroba.dqx.jp/sc/search/bazaar/b8f8f71fb8bf7a43866a43ab7ef946f6f9b39d4c/,
コスモスのこて,腕,Lv130,,2,89,990000,2026-09-30 10:09:25,https://hiroba.dqx.jp/sc/search/bazaar/387142141ce3f935554b5ed2a4d5bbb652b1db65/,
コスモスのこて,腕,Lv130,1940000,3,89,1909900,2026-09-30 10:09:28,https://hiroba.dqx.jp/sc/search/bazaar/387142141ce3f935554b5ed2a4d5bbb652b1db65/,
コスモスグリーブ,足,Lv130,850000,2,78,850000,2026-09-30 10:09:32,https://hiroba.dqx.jp/sc/search/bazaar/bd8a10d05e39d6a722f1a89825ebbf7e92b77e97/,
コスモスグリーブ,足,Lv130,1860000,3,78,1859690,2026-09-30 10:09:35,https://hiroba.dqx.jp/sc/search/bazaar/bd8a10d05e39d6a722f1a89825ebbf7e92b77e97/,
トライドニット,あたま,Lv130,499999,2,231,399999,2026-09-30 10:09:38,https://hiroba.dqx.jp/sc/search/bazaar/6a6cb90ada835d9ecb8e8d06d03b69e9c394ea25/,
トライドニット,あたま,Lv130,1798899,3,231,1795799,2026-09-30 10:09:45,https://hiroba.dqx.jp/sc/search/bazaar/6a6cb90ada835d9ecb8e8d06d03b69e9c394ea25/,
トライドアーマー,からだ上,Lv130,93000,2,199,94000,2026-09-30 10:09:52,https://hiroba.dqx.jp/sc/search/bazaar/4f226b17db22f71ed6fce5aac18d67df0f3a448d/,
トライドアーマー,からだ上,Lv130,2740000,3,199,2669000,2026-09-30 10:10:15,https://hiroba.dqx.jp/sc/search/bazaar/4f226b17db22f71ed6fce5aac18d67df0f3a448d/,
トライドズボン,からだ下,Lv130,260000,2,208,240000,2026-09-30 10:10:19,https://hiroba.dqx.jp/sc/search/bazaar/510bf7a43cca64c8df0550d37de3c3beb20125a3/,
トライドズボン,からだ下,Lv130,1940000,3,208,1900000,2026-09-30 10:10:32,https://hiroba.dqx.jp/sc/search/bazaar/510bf7a43cca64c8df0550d37de3c3beb20125a3/,
トライドグローブ,腕,Lv130,97000,2,115,,2026-09-30 10:10:46,https://hiroba.dqx.jp/sc/search/bazaar/027fdae951d1330eb282e06d0ae2f6a43369f78f/,出品なし
トライドグローブ,腕,Lv130,1539000,3,115,1534800,2026-09-30 10:10:46,https://hiroba.dqx.jp/sc/search/bazaar/027fdae951d1330eb282e06d0ae2f6a43369f78f/,
トライドブーツ,足,Lv130,880000,2,191,880000,2026-09-30 10:11:02,https://hiroba.dqx.jp/sc/search/bazaar/6223f458a34691864a94fe19935b359d587b02f5/,
トライドブーツ,足,Lv130,1346000,3,191,1329000,2026-09-30 10:11:12,https://hiroba.dqx.jp/sc/search/bazaar/6223f458a34691864a94fe19935b359d587b02f5/,
プロミネンスの盾,小盾,Lv130,70000,2,148,69000,2026-09-30 10:11:16,https://hiroba.dqx.jp/sc/search/bazaar/f71aa1ef81f907a0f27dc4ef16822fe41ad27b60/,
プロミネンスの盾,小盾,Lv130,2848900,3,148,2845890,2026-09-30 10:11:32,https://hiroba.dqx.jp/sc/search/bazaar/f71aa1ef81f907a0f27dc4ef16822fe41ad27b60/,
古代鏡の大盾,大盾,Lv130,78900,2,140,78800,2026-09-30 10:11:36,https://hiroba.dqx.jp/sc/search/bazaar/c82a37211cc6533701c53b2b3264895af182eff1/,
古代鏡の大盾,大盾,Lv130,2189900,3,140,2100000,2026-09-30 10:11:56,https://hiroba.dqx.jp/sc/search/bazaar/c82a37211cc6533701c53b2b3264895af182eff1/,
ノクトルクラウン,あたま,Lv130,398999,2,214,399999,2026-09-30 10:11:59,https://hiroba.dqx.jp/sc/search/bazaar/e04cf927d0e719f18e76d27868511348b81d41c4/,
ノクトルクラウン,あたま,Lv130,1354000,3,214,1345900,2026-09-30 10:12:13,https://hiroba.dqx.jp/sc/search/bazaar/e04cf927d0e719f18e76d27868511348b81d41c4/,
ノクトルケープ上,からだ上,Lv130,594974,2,204,594880,2026-09-30 10:12:16,https://hiroba.dqx.jp/sc/search/bazaar/fdc9f46ea91bf9789df3a1c4d4cefade84beacbb/,
ノクトルケープ上,からだ上,Lv130,2059770,3,204,1988790,2026-09-30 10:12:23,https://hiroba.dqx.jp/sc/search/bazaar/fdc9f46ea91bf9789df3a1c4d4cefade84beacbb/,
ノクトルケープ下,からだ下,Lv130,390000,2,134,500000,2026-09-30 10:12:26,https://hiroba.dqx.jp/sc/search/bazaar/18b37dbeabba950bb1b36ee364aecfa1023ef5de/,
ノクトルケープ下,からだ下,Lv130,1557000,3,134,1551000,2026-09-30 10:12:29,https://hiroba.dqx.jp/sc/search/bazaar/18b37dbeabba950bb1b36ee364aecfa1023ef5de/,
ノクトルグローブ,腕,Lv130,769990,2,96,750000,2026-09-30 10:12:33,https://hiroba.dqx.jp/sc/search/bazaar/fc0136abe26f7acd7314f145155efa0218f7cfc1/,
ノクトルグローブ,腕,Lv130,1663990,3,96,1679000,2026-09-30 10:12:39,https://hiroba.dqx.jp/sc/search/bazaar/fc0136abe26f7acd7314f145155efa0218f7cfc1/,
ノクトルブーツ,足,Lv130,659998,2,89,380000,2026-09-30 10:12:43,https://hiroba.dqx.jp/sc/search/bazaar/be0308b1cf1d0d63f857ea39e5cba24e2b08dda7/,
ノクトルブーツ,足,Lv130,1492000,3,89,1493000,2026-09-30 10:12:56,https://hiroba.dqx.jp/sc/search/bazaar/be0308b1cf1d0d63f857ea39e5cba24e2b08dda7/,
月影の額当て,あたま,Lv130,,2,91,,2026-09-30 10:13:00,https://hiroba.dqx.jp/sc/search/bazaar/8ec3c83af71b1bc64dff611b55134eba8b238330/,出品なし
月影の額当て,あたま,Lv130,1688700,3,91,1688200,2026-09-30 10:13:00,https://hiroba.dqx.jp/sc/search/bazaar/8ec3c83af71b1bc64dff611b55134eba8b238330/,
月影の装束上,からだ上,Lv130,,2,66,990000,2026-09-30 10:13:03,https://hiroba.dqx.jp/sc/search/bazaar/57fc0bfc7c0b8fe18ea57932f99ba8d9e9d27b39/,
月影の装束上,からだ上,Lv130,1969900,3,66,1949800,2026-09-30 10:13:06,https://hiroba.dqx.jp/sc/search/bazaar/57fc0bfc7c0b8fe18ea57932f99ba8d9e9d27b39/,
月影の装束下,からだ下,Lv130,,2,29,,2026-09-30 10:13:09,https://hiroba.dqx.jp/sc/search/bazaar/c25326ae83d689858ea2ddcaef8b2bf51d503353/,出品なし
月影の装束下,からだ下,Lv130,1999900,3,29,1988900,2026-09-30 10:13:09,https://hiroba.dqx.jp/sc/search/bazaar/c25326ae83d689858ea2ddcaef8b2bf51d503353/,
月影のこて,腕,Lv130,239900,2,60,239900,2026-09-30 10:13:13,https://hiroba.dqx.jp/sc/search/bazaar/3d8644467556f22fa38ad3d2996caab19c65ad05/,
月影のこて,腕,Lv130,1819900,3,60,1818900,2026-09-30 10:13:13,https://hiroba.dqx.jp/sc/search/bazaar/3d8644467556f22fa38ad3d2996caab19c65ad05/,
月影の深沓,足,Lv130,698000,2,33,698000,2026-09-30 10:13:16,https://hiroba.dqx.jp/sc/search/bazaar/cff98a298645552b1c6e627ff610487d969e2f07/,
月影の深沓,足,Lv130,1639400,3,33,1639300,2026-09-30 10:13:16,https://hiroba.dqx.jp/sc/search/bazaar/cff98a298645552b1c6e627ff610487d969e2f07/,
叡聖のサークレット,あたま,Lv130,89000,2,465,77000,2026-09-30 10:13:20,https://hiroba.dqx.jp/sc/search/bazaar/d96fce7f5f58193ad0b563863019df1b5f9e9e1a/,
叡聖のサークレット,あたま,Lv130,1596990,3,465,1596900,2026-09-30 10:13:53,https://hiroba.dqx.jp/sc/search/bazaar/d96fce7f5f58193ad0b563863019df1b5f9e9e1a/,
叡聖の博士服,からだ上,Lv130,89000,2,505,90000,2026-09-30 10:13:56,https://hiroba.dqx.jp/sc/search/bazaar/dd704738fe5c186d01a94bc09b8901ae12af351c/,
叡聖の博士服,からだ上,Lv130,1798890,3,505,1797299,2026-09-30 10:14:47,https://hiroba.dqx.jp/sc/search/bazaar/dd704738fe5c186d01a94bc09b8901ae12af351c/,
叡聖のグローブ,腕,Lv130,500009,2,170,500009,2026-09-30 10:14:53,https://hiroba.dqx.jp/sc/search/bazaar/98d7c686f106ae7e292b39cb2616eddd4f6de93c/,
叡聖のグローブ,腕,Lv130,1589980,3,170,1596710,2026-09-30 10:15:00,https://hiroba.dqx.jp/sc/search/bazaar/98d7c686f106ae7e292b39cb2616eddd4f6de93c/,
叡聖のブーツ,足,Lv130,290000,2,248,199000,2026-09-30 10:15:04,https://hiroba.dqx.jp/sc/search/bazaar/9deb9b7988b8819d5791568a09a8738795cd6419/,
叡聖のブーツ,足,Lv130,1418700,3,248,1399999,2026-09-30 10:15:27,https://hiroba.dqx.jp/sc/search/bazaar/9deb9b7988b8819d5791568a09a8738795cd6419/,
天象のスティック,スティック,Lv130,487000,2,38,486900,2026-09-30 10:15:30,https://hiroba.dqx.jp/sc/search/bazaar/b55f291987e843a1afe07902de5cdd317e779e64/,
天象のスティック,スティック,Lv130,3298500,3,38,3298300,2026-09-30 10:15:34,https://hiroba.dqx.jp/sc/search/bazaar/b55f291987e843a1afe07902de5cdd317e779e64/,
プリエールの杖,両手杖,Lv130,,2,,800000,2026-09-30 10:15:37,https://hiroba.dqx.jp/sc/search/bazaar/bbfe8390b0542b70d43db379a40d32653721fbc9/,
プリエールの杖,両手杖,Lv130,3400000,3,,3400000,2026-09-30 10:15:37,https://hiroba.dqx.jp/sc/search/bazaar/bbfe8390b0542b70d43db379a40d32653721fbc9/,
ライブラロッド,棍,Lv130,,2,32,,2026-09-30 10:15:40,https://hiroba.dqx.jp/sc/search/bazaar/aeb5ce9b13eced163ed023327d6523582f1a5c0c/,出品なし
ライブラロッド,棍,Lv130,2568900,3,32,2568899,2026-09-30 10:15:40,https://hiroba.dqx.jp/sc/search/bazaar/aeb5ce9b13eced163ed023327d6523582f1a5c0c/,
花星のおうぎ,扇,Lv130,,2,30,,2026-09-30 10:15:44,https://hiroba.dqx.jp/sc/search/bazaar/2b73482571a5b2b621c3ad7486acdf02232eff0a/,出品なし
花星のおうぎ,扇,Lv130,2498550,3,30,2498547,2026-09-30 10:15:44,https://hiroba.dqx.jp/sc/search/bazaar/2b73482571a5b2b621c3ad7486acdf02232eff0a/,
フルムの弓,弓,Lv130,259999,2,212,258980,2026-09-30 10:15:47,https://hiroba.dqx.jp/sc/search/bazaar/8f6fa85ad875b387f814549a10537ea2b3a9cd38/,
フルムの弓,弓,Lv130,2582463,3,212,2576838,2026-09-30 10:16:11,https://hiroba.dqx.jp/sc/search/bazaar/8f6fa85ad875b387f814549a10537ea2b3a9cd38/,
